<?xml version="1.0"?>
<extension>
	<id>afc9f784-9381-2021-5477-479eca380cf5</id>
	<name>PLUGIN_RATINGSLIGHT</name>
	<module>Plugins::RatingsLight::Plugin</module>
	<version>1.7.3</version>
	<description>PLUGIN_RATINGSLIGHT_DESC</description>
	<creator>AF</creator>
	<importmodule>Plugins::RatingsLight::Plugin</importmodule>
	<optionsURL>plugins/RatingsLight/settings/settings.html</optionsURL>
	<homepageURL>https://forums.slimdevices.com/showthread.php?113344-Announce-Ratings-Light</homepageURL>
	<defaultState>enabled</defaultState>
	<targetApplication>
		<id>Logitech Media Server</id>
		<minVersion>7.7</minVersion>
		<maxVersion>*</maxVersion>
	</targetApplication>
</extension>
